Model,Accuracy,Precision,Recall,F1-Score,AUC-ROC,CV F1 Mean,CV F1 Std,Train Time (s)
Logistic Regression,0.5577499559160641,0.13731233980227023,0.7115749525616698,0.2302025782688766,0.6736099019952133,0.23048435611437318,0.007970547915105835,0.33650755882263184
Random Forest,0.7473108799153588,0.17456896551724138,0.46110056925996207,0.2532569046378322,0.6917270281915002,0.2620679477151097,0.009498955360283173,11.723042488098145
Gradient Boosting,0.9060130488450009,0.35,0.013282732447817837,0.025594149908592323,0.6950314804595396,0.011079718439223807,0.005540658298487363,77.2825574874878
SVM,0.5861400105801446,0.1470131885182312,0.7191650853889943,0.24412238325281804,0.6941190488135254,0.24090257406339455,0.006938655447501874,677.141047000885
Neural Network (MLP),0.9070710633045318,0.0,0.0,0.0,0.6461019415040385,0.0,0.0,9.306810140609741
Naive Bayes,0.5020278610474344,0.12601758384890915,0.7343453510436433,0.2151195108393552,0.6482591682135153,0.18393229954667017,0.058546588668417394,0.10770201683044434
XGBoost,0.906189384588256,0.42424242424242425,0.026565464895635674,0.05,0.6917480545120271,0.03256468970757221,0.00862046962698176,1.5703694820404053
